,circuitId,driverId1,driverStanding1,constructorStanding1,position1,inPit1,status1,laptime1,driverId2,driverStanding2,constructorStanding2,position2,inPit2,status2,laptime2,driverId3,driverStanding3,constructorStanding3,position3,inPit3,status3,laptime3,driverId4,driverStanding4,constructorStanding4,position4,inPit4,status4,laptime4,driverId5,driverStanding5,constructorStanding5,position5,inPit5,status5,laptime5,driverId6,driverStanding6,constructorStanding6,position6,inPit6,status6,laptime6,driverId7,driverStanding7,constructorStanding7,position7,inPit7,status7,laptime7,driverId8,driverStanding8,constructorStanding8,position8,inPit8,status8,laptime8,driverId9,driverStanding9,constructorStanding9,position9,inPit9,status9,laptime9,driverId10,driverStanding10,constructorStanding10,position10,inPit10,status10,laptime10,driverId11,driverStanding11,constructorStanding11,position11,inPit11,status11,laptime11,driverId12,driverStanding12,constructorStanding12,position12,inPit12,status12,laptime12,driverId13,driverStanding13,constructorStanding13,position13,inPit13,status13,laptime13,driverId14,driverStanding14,constructorStanding14,position14,inPit14,status14,laptime14,driverId15,driverStanding15,constructorStanding15,position15,inPit15,status15,laptime15,driverId16,driverStanding16,constructorStanding16,position16,inPit16,status16,laptime16,driverId17,driverStanding17,constructorStanding17,position17,inPit17,status17,laptime17,driverId18,driverStanding18,constructorStanding18,position18,inPit18,status18,laptime18,driverId19,driverStanding19,constructorStanding19,position19,inPit19,status19,laptime19,driverId20,driverStanding20,constructorStanding20,position20,inPit20,status20,laptime20
0,22.0,9.0,19.0,10.0,20.0,0.0,0.0,0.0,20.0,5.0,2.0,1.0,0.0,0.0,87.064,844.0,3.0,2.0,2.0,0.0,0.0,87.253,822.0,2.0,1.0,3.0,0.0,0.0,87.293,1.0,1.0,1.0,4.0,0.0,0.0,87.30199999999999,830.0,4.0,3.0,5.0,0.0,0.0,87.851,848.0,8.0,3.0,6.0,0.0,0.0,87.851,832.0,7.0,4.0,7.0,0.0,0.0,88.304,846.0,9.0,4.0,8.0,0.0,0.0,88.464,842.0,6.0,6.0,9.0,0.0,0.0,88.836,154.0,17.0,9.0,10.0,0.0,0.0,89.34100000000001,841.0,18.0,8.0,11.0,0.0,0.0,89.254,840.0,16.0,7.0,12.0,0.0,0.0,89.345,8.0,14.0,8.0,13.0,0.0,0.0,89.358,826.0,12.0,6.0,14.0,0.0,0.0,89.563,807.0,11.0,5.0,15.0,0.0,0.0,90.112,817.0,10.0,5.0,16.0,0.0,0.0,89.822,815.0,13.0,7.0,17.0,0.0,0.0,90.344,847.0,20.0,10.0,18.0,0.0,0.0,90.364,825.0,15.0,9.0,19.0,0.0,0.0,0.0
1,22.0,9.0,19.0,10.0,20.0,0.0,0.0,109.50200000000001,20.0,5.0,2.0,2.0,0.0,0.0,95.943,844.0,3.0,2.0,3.0,0.0,0.0,97.57,822.0,2.0,1.0,1.0,0.0,0.0,94.571,1.0,1.0,1.0,4.0,0.0,0.0,97.881,830.0,4.0,3.0,18.0,0.0,0.0,106.658,848.0,8.0,3.0,7.0,0.0,0.0,100.55799999999999,832.0,7.0,4.0,5.0,0.0,0.0,99.2,846.0,9.0,4.0,6.0,0.0,0.0,100.013,842.0,6.0,6.0,8.0,0.0,0.0,101.35900000000001,154.0,17.0,9.0,14.0,0.0,0.0,104.66499999999999,841.0,18.0,8.0,12.0,0.0,0.0,103.548,840.0,16.0,7.0,9.0,0.0,0.0,101.898,8.0,14.0,8.0,15.0,0.0,0.0,105.158,826.0,12.0,6.0,17.0,0.0,0.0,105.922,807.0,11.0,5.0,10.0,0.0,0.0,102.13900000000001,817.0,10.0,5.0,16.0,0.0,0.0,105.39099999999999,815.0,13.0,7.0,11.0,0.0,0.0,102.821,847.0,20.0,10.0,19.0,0.0,0.0,107.714,825.0,15.0,9.0,13.0,0.0,0.0,104.206
2,22.0,9.0,19.0,10.0,20.0,0.0,0.0,99.314,20.0,5.0,2.0,2.0,0.0,0.0,94.549,844.0,3.0,2.0,3.0,0.0,0.0,95.314,822.0,2.0,1.0,1.0,0.0,0.0,94.6,1.0,1.0,1.0,4.0,0.0,0.0,95.402,830.0,4.0,3.0,18.0,0.0,0.0,98.122,848.0,8.0,3.0,7.0,0.0,0.0,96.527,832.0,7.0,4.0,5.0,0.0,0.0,96.089,846.0,9.0,4.0,6.0,0.0,0.0,96.708,842.0,6.0,6.0,8.0,0.0,0.0,97.074,154.0,17.0,9.0,14.0,0.0,0.0,97.98599999999999,841.0,18.0,8.0,12.0,0.0,0.0,97.631,840.0,16.0,7.0,9.0,0.0,0.0,97.142,8.0,14.0,8.0,15.0,0.0,0.0,98.163,826.0,12.0,6.0,17.0,0.0,0.0,98.223,807.0,11.0,5.0,10.0,0.0,0.0,97.446,817.0,10.0,5.0,16.0,0.0,0.0,98.21600000000001,815.0,13.0,7.0,11.0,0.0,0.0,97.455,847.0,20.0,10.0,19.0,0.0,0.0,98.422,825.0,15.0,9.0,13.0,0.0,0.0,97.92
3,22.0,9.0,19.0,10.0,20.0,0.0,0.0,98.884,20.0,5.0,2.0,2.0,0.0,0.0,94.565,844.0,3.0,2.0,4.0,1.0,0.0,96.624,822.0,2.0,1.0,1.0,0.0,0.0,94.195,1.0,1.0,1.0,3.0,0.0,0.0,94.89,830.0,4.0,3.0,18.0,0.0,0.0,97.608,848.0,8.0,3.0,7.0,0.0,0.0,96.384,832.0,7.0,4.0,5.0,0.0,0.0,96.075,846.0,9.0,4.0,6.0,0.0,0.0,96.235,842.0,6.0,6.0,8.0,0.0,0.0,96.681,154.0,17.0,9.0,14.0,0.0,0.0,97.416,841.0,18.0,8.0,12.0,0.0,0.0,97.357,840.0,16.0,7.0,9.0,0.0,0.0,96.7,8.0,14.0,8.0,15.0,0.0,0.0,97.89500000000001,826.0,12.0,6.0,17.0,0.0,0.0,97.49799999999999,807.0,11.0,5.0,10.0,0.0,0.0,96.985,817.0,10.0,5.0,16.0,0.0,0.0,97.625,815.0,13.0,7.0,11.0,0.0,0.0,97.096,847.0,20.0,10.0,19.0,0.0,0.0,97.739,825.0,15.0,9.0,13.0,0.0,0.0,97.315
4,22.0,9.0,19.0,10.0,19.0,0.0,0.0,98.735,20.0,5.0,2.0,2.0,0.0,0.0,94.646,844.0,3.0,2.0,20.0,0.0,0.0,121.142,822.0,2.0,1.0,1.0,0.0,0.0,94.49600000000001,1.0,1.0,1.0,3.0,0.0,0.0,94.565,830.0,4.0,3.0,17.0,0.0,0.0,98.075,848.0,8.0,3.0,5.0,0.0,0.0,96.35300000000001,832.0,7.0,4.0,4.0,0.0,0.0,95.988,846.0,9.0,4.0,8.0,1.0,0.0,99.822,842.0,6.0,6.0,6.0,0.0,0.0,96.413,154.0,17.0,9.0,13.0,0.0,0.0,97.732,841.0,18.0,8.0,11.0,0.0,0.0,97.012,840.0,16.0,7.0,7.0,0.0,0.0,96.59700000000001,8.0,14.0,8.0,15.0,0.0,0.0,97.89,826.0,12.0,6.0,16.0,0.0,0.0,97.785,807.0,11.0,5.0,9.0,0.0,0.0,96.74799999999999,817.0,10.0,5.0,14.0,0.0,0.0,96.741,815.0,13.0,7.0,10.0,0.0,0.0,96.568,847.0,20.0,10.0,18.0,0.0,0.0,98.11699999999999,825.0,15.0,9.0,12.0,0.0,0.0,97.217
5,22.0,9.0,19.0,10.0,19.0,0.0,0.0,99.209,20.0,5.0,2.0,2.0,0.0,0.0,94.456,844.0,3.0,2.0,18.0,0.0,0.0,94.17,822.0,2.0,1.0,1.0,0.0,0.0,94.384,1.0,1.0,1.0,3.0,0.0,0.0,94.622,830.0,4.0,3.0,16.0,0.0,0.0,97.396,848.0,8.0,3.0,5.0,0.0,0.0,95.22800000000001,832.0,7.0,4.0,4.0,0.0,0.0,95.93299999999999,846.0,9.0,4.0,20.0,0.0,0.0,116.571,842.0,6.0,6.0,6.0,0.0,0.0,96.32,154.0,17.0,9.0,13.0,0.0,0.0,98.188,841.0,18.0,8.0,10.0,0.0,0.0,97.188,840.0,16.0,7.0,7.0,0.0,0.0,96.406,8.0,14.0,8.0,14.0,0.0,0.0,97.49199999999999,826.0,12.0,6.0,15.0,0.0,0.0,97.565,807.0,11.0,5.0,8.0,0.0,0.0,96.494,817.0,10.0,5.0,12.0,0.0,0.0,96.18299999999999,815.0,13.0,7.0,9.0,0.0,0.0,96.947,847.0,20.0,10.0,17.0,0.0,0.0,97.568,825.0,15.0,9.0,11.0,0.0,0.0,97.143
6,22.0,9.0,19.0,10.0,19.0,0.0,0.0,99.326,20.0,5.0,2.0,2.0,0.0,0.0,94.92,844.0,3.0,2.0,18.0,0.0,0.0,94.705,822.0,2.0,1.0,1.0,0.0,0.0,94.344,1.0,1.0,1.0,3.0,0.0,0.0,94.464,830.0,4.0,3.0,16.0,0.0,0.0,97.461,848.0,8.0,3.0,5.0,0.0,0.0,95.372,832.0,7.0,4.0,4.0,0.0,0.0,95.85499999999999,846.0,9.0,4.0,20.0,0.0,0.0,95.655,842.0,6.0,6.0,6.0,0.0,0.0,95.913,154.0,17.0,9.0,13.0,0.0,0.0,97.332,841.0,18.0,8.0,10.0,0.0,0.0,97.152,840.0,16.0,7.0,7.0,0.0,0.0,96.043,8.0,14.0,8.0,14.0,0.0,0.0,97.52000000000001,826.0,12.0,6.0,15.0,0.0,0.0,97.65899999999999,807.0,11.0,5.0,8.0,0.0,0.0,96.316,817.0,10.0,5.0,11.0,0.0,0.0,96.12299999999999,815.0,13.0,7.0,9.0,0.0,0.0,96.53,847.0,20.0,10.0,17.0,0.0,0.0,98.082,825.0,15.0,9.0,12.0,0.0,0.0,98.286
7,22.0,9.0,19.0,10.0,20.0,0.0,0.0,100.013,20.0,5.0,2.0,2.0,0.0,0.0,94.82300000000001,844.0,3.0,2.0,17.0,0.0,0.0,95.658,822.0,2.0,1.0,1.0,0.0,0.0,94.669,1.0,1.0,1.0,3.0,0.0,0.0,94.63,830.0,4.0,3.0,16.0,0.0,0.0,97.378,848.0,8.0,3.0,5.0,0.0,0.0,95.324,832.0,7.0,4.0,4.0,0.0,0.0,95.59700000000001,846.0,9.0,4.0,19.0,0.0,0.0,94.74799999999999,842.0,6.0,6.0,6.0,0.0,0.0,96.11099999999999,154.0,17.0,9.0,13.0,0.0,0.0,97.116,841.0,18.0,8.0,11.0,0.0,0.0,98.42699999999999,840.0,16.0,7.0,7.0,0.0,0.0,96.13499999999999,8.0,14.0,8.0,14.0,0.0,0.0,97.261,826.0,12.0,6.0,15.0,0.0,0.0,97.013,807.0,11.0,5.0,8.0,0.0,0.0,96.172,817.0,10.0,5.0,10.0,0.0,0.0,95.56700000000001,815.0,13.0,7.0,9.0,0.0,0.0,96.193,847.0,20.0,10.0,18.0,0.0,0.0,98.80199999999999,825.0,15.0,9.0,12.0,0.0,0.0,97.436
8,22.0,9.0,19.0,10.0,20.0,0.0,0.0,99.422,20.0,5.0,2.0,2.0,0.0,0.0,94.899,844.0,3.0,2.0,17.0,0.0,0.0,95.64699999999999,822.0,2.0,1.0,1.0,0.0,0.0,94.935,1.0,1.0,1.0,3.0,0.0,0.0,94.667,830.0,4.0,3.0,16.0,0.0,0.0,97.789,848.0,8.0,3.0,5.0,0.0,0.0,95.75800000000001,832.0,7.0,4.0,4.0,0.0,0.0,95.962,846.0,9.0,4.0,19.0,0.0,0.0,95.78,842.0,6.0,6.0,6.0,0.0,0.0,96.275,154.0,17.0,9.0,13.0,0.0,0.0,97.315,841.0,18.0,8.0,11.0,0.0,0.0,97.11500000000001,840.0,16.0,7.0,7.0,0.0,0.0,96.381,8.0,14.0,8.0,14.0,0.0,0.0,97.223,826.0,12.0,6.0,15.0,0.0,0.0,97.393,807.0,11.0,5.0,8.0,0.0,0.0,96.261,817.0,10.0,5.0,10.0,0.0,0.0,96.083,815.0,13.0,7.0,9.0,0.0,0.0,96.29599999999999,847.0,20.0,10.0,18.0,0.0,0.0,97.938,825.0,15.0,9.0,12.0,0.0,0.0,97.244
9,22.0,9.0,19.0,10.0,20.0,0.0,0.0,99.057,20.0,5.0,2.0,2.0,0.0,0.0,94.701,844.0,3.0,2.0,16.0,0.0,0.0,95.977,822.0,2.0,1.0,1.0,0.0,0.0,94.652,1.0,1.0,1.0,3.0,0.0,0.0,94.63499999999999,830.0,4.0,3.0,17.0,0.0,0.0,97.922,848.0,8.0,3.0,5.0,0.0,0.0,95.968,832.0,7.0,4.0,4.0,0.0,0.0,95.87899999999999,846.0,9.0,4.0,19.0,0.0,0.0,97.543,842.0,6.0,6.0,6.0,0.0,0.0,96.406,154.0,17.0,9.0,13.0,0.0,0.0,97.149,841.0,18.0,8.0,11.0,0.0,0.0,96.85300000000001,840.0,16.0,7.0,7.0,0.0,0.0,96.41499999999999,8.0,14.0,8.0,14.0,0.0,0.0,97.32900000000001,826.0,12.0,6.0,15.0,0.0,0.0,97.24799999999999,807.0,11.0,5.0,8.0,0.0,0.0,96.42099999999999,817.0,10.0,5.0,10.0,0.0,0.0,96.03399999999999,815.0,13.0,7.0,9.0,0.0,0.0,96.12299999999999,847.0,20.0,10.0,18.0,0.0,0.0,98.33500000000001,825.0,15.0,9.0,12.0,0.0,0.0,97.202
10,22.0,9.0,19.0,10.0,20.0,0.0,0.0,99.22399999999999,20.0,5.0,2.0,2.0,0.0,0.0,95.082,844.0,3.0,2.0,16.0,0.0,0.0,97.37899999999999,822.0,2.0,1.0,1.0,0.0,0.0,94.687,1.0,1.0,1.0,3.0,0.0,0.0,94.856,830.0,4.0,3.0,17.0,0.0,0.0,97.249,848.0,8.0,3.0,5.0,0.0,0.0,96.053,832.0,7.0,4.0,4.0,0.0,0.0,96.094,846.0,9.0,4.0,18.0,0.0,0.0,95.801,842.0,6.0,6.0,6.0,0.0,0.0,96.225,154.0,17.0,9.0,13.0,0.0,0.0,97.333,841.0,18.0,8.0,11.0,0.0,0.0,97.08500000000001,840.0,16.0,7.0,7.0,0.0,0.0,96.239,8.0,14.0,8.0,14.0,0.0,0.0,97.09899999999999,826.0,12.0,6.0,15.0,0.0,0.0,97.35900000000001,807.0,11.0,5.0,8.0,0.0,0.0,96.392,817.0,10.0,5.0,10.0,0.0,0.0,96.061,815.0,13.0,7.0,9.0,0.0,0.0,96.40100000000001,847.0,20.0,10.0,19.0,0.0,0.0,98.982,825.0,15.0,9.0,12.0,0.0,0.0,97.318
11,22.0,9.0,19.0,10.0,20.0,0.0,0.0,99.39099999999999,20.0,5.0,2.0,2.0,0.0,0.0,95.12700000000001,844.0,3.0,2.0,15.0,0.0,0.0,96.92099999999999,822.0,2.0,1.0,1.0,0.0,0.0,94.649,1.0,1.0,1.0,3.0,0.0,0.0,95.12100000000001,830.0,4.0,3.0,17.0,0.0,0.0,97.318,848.0,8.0,3.0,5.0,0.0,0.0,96.138,832.0,7.0,4.0,4.0,0.0,0.0,96.037,846.0,9.0,4.0,18.0,0.0,0.0,96.15100000000001,842.0,6.0,6.0,6.0,0.0,0.0,96.513,154.0,17.0,9.0,13.0,0.0,0.0,97.555,841.0,18.0,8.0,11.0,0.0,0.0,96.872,840.0,16.0,7.0,7.0,0.0,0.0,96.456,8.0,14.0,8.0,14.0,0.0,0.0,97.357,826.0,12.0,6.0,16.0,0.0,0.0,98.089,807.0,11.0,5.0,8.0,0.0,0.0,96.398,817.0,10.0,5.0,10.0,0.0,0.0,96.16499999999999,815.0,13.0,7.0,9.0,0.0,0.0,96.657,847.0,20.0,10.0,19.0,0.0,0.0,98.22,825.0,15.0,9.0,12.0,0.0,0.0,96.991
12,22.0,9.0,19.0,10.0,20.0,0.0,0.0,99.513,20.0,5.0,2.0,2.0,0.0,0.0,95.059,844.0,3.0,2.0,15.0,0.0,0.0,96.97800000000001,822.0,2.0,1.0,1.0,0.0,0.0,94.551,1.0,1.0,1.0,3.0,0.0,0.0,94.762,830.0,4.0,3.0,17.0,0.0,0.0,97.37100000000001,848.0,8.0,3.0,5.0,0.0,0.0,96.09,832.0,7.0,4.0,4.0,0.0,0.0,96.063,846.0,9.0,4.0,18.0,0.0,0.0,96.64099999999999,842.0,6.0,6.0,6.0,0.0,0.0,96.37299999999999,154.0,17.0,9.0,13.0,0.0,0.0,97.274,841.0,18.0,8.0,11.0,0.0,0.0,97.309,840.0,16.0,7.0,7.0,0.0,0.0,96.464,8.0,14.0,8.0,14.0,0.0,0.0,97.267,826.0,12.0,6.0,16.0,0.0,0.0,97.436,807.0,11.0,5.0,8.0,0.0,0.0,96.814,817.0,10.0,5.0,10.0,0.0,0.0,96.548,815.0,13.0,7.0,9.0,0.0,0.0,96.755,847.0,20.0,10.0,19.0,0.0,0.0,98.287,825.0,15.0,9.0,12.0,0.0,0.0,97.333
13,22.0,9.0,19.0,10.0,20.0,0.0,0.0,99.082,20.0,5.0,2.0,2.0,0.0,0.0,95.19,844.0,3.0,2.0,14.0,0.0,0.0,96.975,822.0,2.0,1.0,1.0,0.0,0.0,94.608,1.0,1.0,1.0,3.0,0.0,0.0,95.07,830.0,4.0,3.0,17.0,0.0,0.0,97.72399999999999,848.0,8.0,3.0,5.0,0.0,0.0,96.348,832.0,7.0,4.0,4.0,0.0,0.0,95.888,846.0,9.0,4.0,18.0,0.0,0.0,97.10300000000001,842.0,6.0,6.0,6.0,0.0,0.0,96.532,154.0,17.0,9.0,13.0,0.0,0.0,97.3,841.0,18.0,8.0,11.0,0.0,0.0,97.221,840.0,16.0,7.0,7.0,0.0,0.0,96.473,8.0,14.0,8.0,15.0,0.0,0.0,97.907,826.0,12.0,6.0,16.0,0.0,0.0,97.217,807.0,11.0,5.0,8.0,0.0,0.0,96.319,817.0,10.0,5.0,10.0,0.0,0.0,96.459,815.0,13.0,7.0,9.0,0.0,0.0,96.533,847.0,20.0,10.0,19.0,0.0,0.0,98.477,825.0,15.0,9.0,12.0,0.0,0.0,97.49000000000001
14,22.0,9.0,19.0,10.0,20.0,0.0,0.0,98.812,20.0,5.0,2.0,2.0,0.0,0.0,95.518,844.0,3.0,2.0,13.0,0.0,0.0,96.009,822.0,2.0,1.0,1.0,0.0,0.0,94.408,1.0,1.0,1.0,3.0,0.0,0.0,94.938,830.0,4.0,3.0,18.0,0.0,23.0,0.0,848.0,8.0,3.0,5.0,0.0,0.0,96.322,832.0,7.0,4.0,4.0,0.0,0.0,96.199,846.0,9.0,4.0,17.0,0.0,0.0,97.578,842.0,6.0,6.0,6.0,0.0,0.0,96.394,154.0,17.0,9.0,14.0,0.0,0.0,97.962,841.0,18.0,8.0,11.0,0.0,0.0,96.962,840.0,16.0,7.0,7.0,0.0,0.0,96.469,8.0,14.0,8.0,16.0,0.0,0.0,98.491,826.0,12.0,6.0,15.0,0.0,0.0,96.894,807.0,11.0,5.0,8.0,0.0,0.0,96.298,817.0,10.0,5.0,10.0,0.0,0.0,96.23599999999999,815.0,13.0,7.0,9.0,0.0,0.0,96.631,847.0,20.0,10.0,19.0,0.0,0.0,98.527,825.0,15.0,9.0,12.0,0.0,0.0,97.199
15,22.0,9.0,19.0,10.0,19.0,0.0,0.0,98.712,20.0,5.0,2.0,2.0,0.0,0.0,95.509,844.0,3.0,2.0,12.0,0.0,0.0,96.718,822.0,2.0,1.0,1.0,0.0,0.0,94.54599999999999,1.0,1.0,1.0,3.0,0.0,0.0,95.262,830.0,4.0,3.0,21.0,0.0,23.0,0.0,848.0,8.0,3.0,5.0,1.0,0.0,98.40100000000001,832.0,7.0,4.0,4.0,0.0,0.0,96.124,846.0,9.0,4.0,16.0,0.0,0.0,96.068,842.0,6.0,6.0,6.0,0.0,0.0,96.753,154.0,17.0,9.0,14.0,0.0,0.0,97.565,841.0,18.0,8.0,11.0,0.0,0.0,97.155,840.0,16.0,7.0,7.0,0.0,0.0,96.824,8.0,14.0,8.0,17.0,1.0,0.0,100.313,826.0,12.0,6.0,15.0,0.0,0.0,96.90899999999999,807.0,11.0,5.0,8.0,0.0,0.0,96.702,817.0,10.0,5.0,9.0,0.0,0.0,96.168,815.0,13.0,7.0,10.0,0.0,0.0,97.809,847.0,20.0,10.0,18.0,0.0,0.0,98.185,825.0,15.0,9.0,13.0,0.0,0.0,98.582
16,22.0,9.0,19.0,10.0,19.0,0.0,0.0,99.32900000000001,20.0,5.0,2.0,3.0,1.0,0.0,98.208,844.0,3.0,2.0,12.0,0.0,0.0,95.812,822.0,2.0,1.0,1.0,0.0,0.0,94.69800000000001,1.0,1.0,1.0,2.0,0.0,0.0,95.59700000000001,830.0,4.0,3.0,21.0,0.0,23.0,0.0,848.0,8.0,3.0,10.0,0.0,0.0,113.19200000000001,832.0,7.0,4.0,4.0,0.0,0.0,96.298,846.0,9.0,4.0,15.0,0.0,0.0,96.842,842.0,6.0,6.0,5.0,0.0,0.0,96.807,154.0,17.0,9.0,16.0,1.0,0.0,101.398,841.0,18.0,8.0,11.0,0.0,0.0,97.99199999999999,840.0,16.0,7.0,6.0,0.0,0.0,96.59899999999999,8.0,14.0,8.0,18.0,0.0,0.0,117.00999999999999,826.0,12.0,6.0,14.0,0.0,0.0,96.737,807.0,11.0,5.0,7.0,0.0,0.0,96.525,817.0,10.0,5.0,8.0,0.0,0.0,96.544,815.0,13.0,7.0,9.0,0.0,0.0,96.513,847.0,20.0,10.0,17.0,0.0,0.0,98.175,825.0,15.0,9.0,13.0,0.0,0.0,97.7
17,22.0,9.0,19.0,10.0,19.0,0.0,0.0,98.953,20.0,5.0,2.0,4.0,0.0,0.0,113.529,844.0,3.0,2.0,12.0,0.0,0.0,97.155,822.0,2.0,1.0,1.0,1.0,0.0,96.449,1.0,1.0,1.0,2.0,0.0,0.0,94.707,830.0,4.0,3.0,21.0,0.0,23.0,0.0,848.0,8.0,3.0,10.0,0.0,0.0,93.959,832.0,7.0,4.0,3.0,0.0,0.0,96.132,846.0,9.0,4.0,14.0,0.0,0.0,96.56,842.0,6.0,6.0,5.0,0.0,0.0,96.87299999999999,154.0,17.0,9.0,17.0,0.0,0.0,114.85300000000001,841.0,18.0,8.0,11.0,0.0,0.0,97.412,840.0,16.0,7.0,6.0,0.0,0.0,96.947,8.0,14.0,8.0,18.0,0.0,0.0,96.07,826.0,12.0,6.0,13.0,0.0,0.0,95.923,807.0,11.0,5.0,7.0,0.0,0.0,96.70400000000001,817.0,10.0,5.0,8.0,0.0,0.0,96.536,815.0,13.0,7.0,9.0,0.0,0.0,96.792,847.0,20.0,10.0,16.0,0.0,0.0,97.75200000000001,825.0,15.0,9.0,15.0,1.0,0.0,100.843
18,22.0,9.0,19.0,10.0,19.0,0.0,0.0,99.205,20.0,5.0,2.0,3.0,0.0,0.0,94.11,844.0,3.0,2.0,11.0,0.0,0.0,95.66,822.0,2.0,1.0,2.0,0.0,0.0,111.52199999999999,1.0,1.0,1.0,1.0,0.0,0.0,94.908,830.0,4.0,3.0,21.0,0.0,23.0,0.0,848.0,8.0,3.0,10.0,0.0,0.0,94.437,832.0,7.0,4.0,4.0,0.0,0.0,97.1,846.0,9.0,4.0,14.0,0.0,0.0,96.083,842.0,6.0,6.0,6.0,1.0,0.0,99.231,154.0,17.0,9.0,16.0,0.0,0.0,94.988,841.0,18.0,8.0,13.0,1.0,0.0,100.74000000000001,840.0,16.0,7.0,8.0,1.0,0.0,99.40299999999999,8.0,14.0,8.0,17.0,0.0,0.0,96.031,826.0,12.0,6.0,12.0,0.0,0.0,96.519,807.0,11.0,5.0,5.0,0.0,0.0,97.024,817.0,10.0,5.0,7.0,0.0,0.0,96.807,815.0,13.0,7.0,9.0,0.0,0.0,96.785,847.0,20.0,10.0,15.0,0.0,0.0,97.437,825.0,15.0,9.0,18.0,0.0,0.0,116.67699999999999
19,22.0,9.0,19.0,10.0,19.0,0.0,0.0,99.616,20.0,5.0,2.0,3.0,0.0,0.0,93.14099999999999,844.0,3.0,2.0,9.0,0.0,0.0,95.27600000000001,822.0,2.0,1.0,2.0,0.0,0.0,92.137,1.0,1.0,1.0,1.0,0.0,0.0,95.223,830.0,4.0,3.0,21.0,0.0,23.0,0.0,848.0,8.0,3.0,7.0,0.0,0.0,94.81700000000001,832.0,7.0,4.0,4.0,0.0,0.0,96.461,846.0,9.0,4.0,11.0,0.0,0.0,96.11099999999999,842.0,6.0,6.0,12.0,0.0,0.0,115.70400000000001,154.0,17.0,9.0,15.0,0.0,0.0,95.547,841.0,18.0,8.0,16.0,0.0,0.0,117.41499999999999,840.0,16.0,7.0,13.0,0.0,0.0,115.17099999999999,8.0,14.0,8.0,17.0,0.0,0.0,96.215,826.0,12.0,6.0,10.0,0.0,0.0,96.226,807.0,11.0,5.0,6.0,1.0,0.0,98.582,817.0,10.0,5.0,5.0,0.0,0.0,96.331,815.0,13.0,7.0,8.0,1.0,0.0,99.894,847.0,20.0,10.0,14.0,0.0,0.0,97.396,825.0,15.0,9.0,18.0,0.0,0.0,96.402
20,22.0,9.0,19.0,10.0,19.0,0.0,0.0,99.245,20.0,5.0,2.0,3.0,0.0,0.0,93.02000000000001,844.0,3.0,2.0,7.0,0.0,0.0,95.193,822.0,2.0,1.0,2.0,0.0,0.0,92.689,1.0,1.0,1.0,1.0,0.0,0.0,95.35,830.0,4.0,3.0,21.0,0.0,23.0,0.0,848.0,8.0,3.0,6.0,0.0,0.0,94.94200000000001,832.0,7.0,4.0,4.0,0.0,0.0,96.18,846.0,9.0,4.0,9.0,0.0,0.0,95.848,842.0,6.0,6.0,10.0,0.0,0.0,95.554,154.0,17.0,9.0,15.0,0.0,0.0,95.66,841.0,18.0,8.0,16.0,0.0,0.0,95.50399999999999,840.0,16.0,7.0,11.0,0.0,0.0,95.622,8.0,14.0,8.0,17.0,0.0,0.0,96.362,826.0,12.0,6.0,8.0,0.0,0.0,96.032,807.0,11.0,5.0,12.0,0.0,0.0,116.138,817.0,10.0,5.0,5.0,0.0,0.0,96.04599999999999,815.0,13.0,7.0,13.0,0.0,0.0,114.62700000000001,847.0,20.0,10.0,14.0,0.0,0.0,97.027,825.0,15.0,9.0,18.0,0.0,0.0,96.34700000000001
21,22.0,9.0,19.0,10.0,19.0,0.0,0.0,100.732,20.0,5.0,2.0,3.0,0.0,0.0,93.319,844.0,3.0,2.0,7.0,0.0,0.0,95.37299999999999,822.0,2.0,1.0,1.0,0.0,0.0,92.957,1.0,1.0,1.0,2.0,1.0,0.0,98.27199999999999,830.0,4.0,3.0,21.0,0.0,23.0,0.0,848.0,8.0,3.0,5.0,0.0,0.0,94.209,832.0,7.0,4.0,4.0,0.0,0.0,96.52600000000001,846.0,9.0,4.0,9.0,0.0,0.0,96.612,842.0,6.0,6.0,10.0,0.0,0.0,96.178,154.0,17.0,9.0,15.0,0.0,0.0,97.006,841.0,18.0,8.0,16.0,0.0,0.0,96.036,840.0,16.0,7.0,11.0,0.0,0.0,96.293,8.0,14.0,8.0,17.0,0.0,0.0,96.30799999999999,826.0,12.0,6.0,8.0,0.0,0.0,97.696,807.0,11.0,5.0,12.0,0.0,0.0,95.725,817.0,10.0,5.0,6.0,0.0,0.0,97.325,815.0,13.0,7.0,13.0,0.0,0.0,95.407,847.0,20.0,10.0,14.0,0.0,0.0,97.461,825.0,15.0,9.0,18.0,0.0,0.0,96.47399999999999
22,22.0,9.0,19.0,10.0,19.0,1.0,0.0,102.435,20.0,5.0,2.0,2.0,0.0,0.0,93.519,844.0,3.0,2.0,7.0,0.0,0.0,95.332,822.0,2.0,1.0,1.0,0.0,0.0,93.524,1.0,1.0,1.0,3.0,0.0,0.0,113.893,830.0,4.0,3.0,21.0,0.0,23.0,0.0,848.0,8.0,3.0,5.0,0.0,0.0,94.714,832.0,7.0,4.0,4.0,0.0,0.0,97.029,846.0,9.0,4.0,9.0,0.0,0.0,96.55199999999999,842.0,6.0,6.0,10.0,0.0,0.0,96.372,154.0,17.0,9.0,15.0,0.0,0.0,97.38499999999999,841.0,18.0,8.0,16.0,0.0,0.0,97.11500000000001,840.0,16.0,7.0,11.0,0.0,0.0,96.24600000000001,8.0,14.0,8.0,17.0,0.0,0.0,96.417,826.0,12.0,6.0,8.0,0.0,0.0,96.60499999999999,807.0,11.0,5.0,12.0,0.0,0.0,95.799,817.0,10.0,5.0,6.0,0.0,0.0,96.721,815.0,13.0,7.0,13.0,0.0,0.0,95.57300000000001,847.0,20.0,10.0,14.0,0.0,0.0,97.449,825.0,15.0,9.0,18.0,0.0,0.0,96.806
23,22.0,9.0,19.0,10.0,19.0,0.0,0.0,123.231,20.0,5.0,2.0,2.0,0.0,0.0,93.273,844.0,3.0,2.0,7.0,0.0,0.0,95.425,822.0,2.0,1.0,1.0,0.0,0.0,93.21000000000001,1.0,1.0,1.0,3.0,0.0,0.0,92.874,830.0,4.0,3.0,21.0,0.0,23.0,0.0,848.0,8.0,3.0,5.0,0.0,0.0,94.414,832.0,7.0,4.0,4.0,0.0,0.0,96.41499999999999,846.0,9.0,4.0,9.0,0.0,0.0,97.348,842.0,6.0,6.0,10.0,0.0,0.0,96.501,154.0,17.0,9.0,14.0,0.0,0.0,95.60900000000001,841.0,18.0,8.0,15.0,0.0,0.0,97.738,840.0,16.0,7.0,11.0,0.0,0.0,96.36,8.0,14.0,8.0,16.0,0.0,0.0,97.494,826.0,12.0,6.0,8.0,0.0,0.0,97.108,807.0,11.0,5.0,12.0,0.0,0.0,96.243,817.0,10.0,5.0,6.0,0.0,0.0,96.795,815.0,13.0,7.0,13.0,0.0,0.0,95.75800000000001,847.0,20.0,10.0,17.0,0.0,0.0,100.934,825.0,15.0,9.0,18.0,0.0,0.0,97.191
24,22.0,9.0,19.0,10.0,19.0,0.0,0.0,97.065,20.0,5.0,2.0,2.0,0.0,0.0,93.386,844.0,3.0,2.0,7.0,0.0,0.0,95.97999999999999,822.0,2.0,1.0,1.0,0.0,0.0,93.309,1.0,1.0,1.0,3.0,0.0,0.0,92.763,830.0,4.0,3.0,21.0,0.0,23.0,0.0,848.0,8.0,3.0,5.0,0.0,0.0,94.386,832.0,7.0,4.0,4.0,0.0,0.0,96.693,846.0,9.0,4.0,10.0,0.0,0.0,97.777,842.0,6.0,6.0,9.0,0.0,0.0,95.979,154.0,17.0,9.0,14.0,0.0,0.0,96.795,841.0,18.0,8.0,15.0,0.0,0.0,96.1,840.0,16.0,7.0,11.0,0.0,0.0,97.205,8.0,14.0,8.0,16.0,0.0,0.0,96.436,826.0,12.0,6.0,8.0,0.0,0.0,96.988,807.0,11.0,5.0,12.0,0.0,0.0,96.13,817.0,10.0,5.0,6.0,0.0,0.0,96.57,815.0,13.0,7.0,13.0,0.0,0.0,95.559,847.0,20.0,10.0,18.0,0.0,0.0,99.143,825.0,15.0,9.0,17.0,0.0,0.0,96.545
25,22.0,9.0,19.0,10.0,19.0,0.0,0.0,97.74199999999999,20.0,5.0,2.0,2.0,0.0,0.0,93.543,844.0,3.0,2.0,7.0,1.0,0.0,99.203,822.0,2.0,1.0,1.0,0.0,0.0,93.513,1.0,1.0,1.0,3.0,0.0,0.0,93.075,830.0,4.0,3.0,21.0,0.0,23.0,0.0,848.0,8.0,3.0,5.0,0.0,0.0,95.056,832.0,7.0,4.0,4.0,0.0,0.0,96.983,846.0,9.0,4.0,13.0,1.0,0.0,101.533,842.0,6.0,6.0,8.0,0.0,0.0,95.44800000000001,154.0,17.0,9.0,14.0,0.0,0.0,96.116,841.0,18.0,8.0,15.0,0.0,0.0,96.315,840.0,16.0,7.0,10.0,0.0,0.0,96.37299999999999,8.0,14.0,8.0,16.0,0.0,0.0,96.47200000000001,826.0,12.0,6.0,9.0,0.0,0.0,98.45,807.0,11.0,5.0,11.0,0.0,0.0,96.62100000000001,817.0,10.0,5.0,6.0,0.0,0.0,97.066,815.0,13.0,7.0,12.0,0.0,0.0,97.64699999999999,847.0,20.0,10.0,18.0,1.0,0.0,100.548,825.0,15.0,9.0,17.0,0.0,0.0,96.656
26,22.0,9.0,19.0,10.0,19.0,0.0,0.0,98.261,20.0,5.0,2.0,2.0,0.0,0.0,93.537,844.0,3.0,2.0,12.0,0.0,0.0,113.364,822.0,2.0,1.0,1.0,0.0,0.0,93.937,1.0,1.0,1.0,3.0,0.0,0.0,93.175,830.0,4.0,3.0,21.0,0.0,23.0,0.0,848.0,8.0,3.0,4.0,0.0,0.0,94.94,832.0,7.0,4.0,5.0,1.0,0.0,100.52199999999999,846.0,9.0,4.0,17.0,0.0,0.0,118.225,842.0,6.0,6.0,7.0,0.0,0.0,95.386,154.0,17.0,9.0,13.0,0.0,0.0,95.749,841.0,18.0,8.0,14.0,0.0,0.0,96.106,840.0,16.0,7.0,8.0,0.0,0.0,94.713,8.0,14.0,8.0,15.0,0.0,0.0,96.061,826.0,12.0,6.0,9.0,0.0,0.0,98.48599999999999,807.0,11.0,5.0,10.0,0.0,0.0,97.673,817.0,10.0,5.0,6.0,0.0,0.0,97.431,815.0,13.0,7.0,11.0,0.0,0.0,96.044,847.0,20.0,10.0,18.0,0.0,0.0,117.869,825.0,15.0,9.0,16.0,0.0,0.0,96.431
27,22.0,9.0,19.0,10.0,19.0,0.0,0.0,98.277,20.0,5.0,2.0,2.0,0.0,0.0,93.42099999999999,844.0,3.0,2.0,11.0,0.0,0.0,93.687,822.0,2.0,1.0,1.0,0.0,0.0,94.00200000000001,1.0,1.0,1.0,3.0,0.0,0.0,93.02799999999999,830.0,4.0,3.0,21.0,0.0,23.0,0.0,848.0,8.0,3.0,4.0,0.0,0.0,94.305,832.0,7.0,4.0,6.0,0.0,0.0,114.282,846.0,9.0,4.0,17.0,0.0,0.0,94.756,842.0,6.0,6.0,7.0,0.0,0.0,95.65899999999999,154.0,17.0,9.0,13.0,0.0,0.0,95.54599999999999,841.0,18.0,8.0,14.0,0.0,0.0,96.136,840.0,16.0,7.0,8.0,0.0,0.0,95.11500000000001,8.0,14.0,8.0,15.0,0.0,0.0,95.87,826.0,12.0,6.0,12.0,1.0,0.0,102.118,807.0,11.0,5.0,9.0,0.0,0.0,94.928,817.0,10.0,5.0,5.0,0.0,0.0,97.328,815.0,13.0,7.0,10.0,0.0,0.0,95.644,847.0,20.0,10.0,18.0,0.0,0.0,95.458,825.0,15.0,9.0,16.0,0.0,0.0,96.402
28,22.0,9.0,19.0,10.0,19.0,0.0,0.0,98.62,20.0,5.0,2.0,2.0,0.0,0.0,93.699,844.0,3.0,2.0,11.0,0.0,0.0,93.973,822.0,2.0,1.0,1.0,0.0,0.0,93.582,1.0,1.0,1.0,3.0,0.0,0.0,92.824,830.0,4.0,3.0,21.0,0.0,23.0,0.0,848.0,8.0,3.0,4.0,0.0,0.0,94.406,832.0,7.0,4.0,6.0,0.0,0.0,94.646,846.0,9.0,4.0,16.0,0.0,0.0,95.207,842.0,6.0,6.0,7.0,0.0,0.0,95.464,154.0,17.0,9.0,12.0,0.0,0.0,95.773,841.0,18.0,8.0,13.0,0.0,0.0,95.971,840.0,16.0,7.0,8.0,0.0,0.0,95.322,8.0,14.0,8.0,14.0,0.0,0.0,97.93,826.0,12.0,6.0,17.0,0.0,0.0,115.952,807.0,11.0,5.0,9.0,0.0,0.0,95.096,817.0,10.0,5.0,5.0,0.0,0.0,97.491,815.0,13.0,7.0,10.0,0.0,0.0,95.017,847.0,20.0,10.0,18.0,0.0,0.0,95.60300000000001,825.0,15.0,9.0,15.0,0.0,0.0,97.846
29,22.0,9.0,19.0,10.0,19.0,0.0,0.0,99.54599999999999,20.0,5.0,2.0,2.0,0.0,0.0,94.033,844.0,3.0,2.0,11.0,0.0,0.0,94.24799999999999,822.0,2.0,1.0,1.0,0.0,0.0,93.42,1.0,1.0,1.0,3.0,0.0,0.0,92.8,830.0,4.0,3.0,21.0,0.0,23.0,0.0,848.0,8.0,3.0,4.0,0.0,0.0,94.49600000000001,832.0,7.0,4.0,5.0,0.0,0.0,94.604,846.0,9.0,4.0,16.0,0.0,0.0,96.078,842.0,6.0,6.0,7.0,0.0,0.0,95.452,154.0,17.0,9.0,12.0,0.0,0.0,95.696,841.0,18.0,8.0,13.0,0.0,0.0,97.245,840.0,16.0,7.0,8.0,0.0,0.0,95.75,8.0,14.0,8.0,14.0,0.0,0.0,95.64,826.0,12.0,6.0,17.0,0.0,0.0,94.22800000000001,807.0,11.0,5.0,9.0,0.0,0.0,95.116,817.0,10.0,5.0,6.0,1.0,0.0,100.221,815.0,13.0,7.0,10.0,0.0,0.0,94.881,847.0,20.0,10.0,18.0,0.0,0.0,95.626,825.0,15.0,9.0,15.0,0.0,0.0,96.19
30,22.0,9.0,19.0,10.0,19.0,0.0,0.0,98.553,20.0,5.0,2.0,2.0,0.0,0.0,93.714,844.0,3.0,2.0,9.0,0.0,0.0,94.72399999999999,822.0,2.0,1.0,1.0,0.0,0.0,94.53,1.0,1.0,1.0,3.0,0.0,0.0,92.738,830.0,4.0,3.0,21.0,0.0,23.0,0.0,848.0,8.0,3.0,4.0,0.0,0.0,94.501,832.0,7.0,4.0,5.0,0.0,0.0,94.975,846.0,9.0,4.0,16.0,0.0,0.0,96.062,842.0,6.0,6.0,6.0,0.0,0.0,95.549,154.0,17.0,9.0,12.0,0.0,0.0,95.90899999999999,841.0,18.0,8.0,13.0,0.0,0.0,95.932,840.0,16.0,7.0,7.0,0.0,0.0,95.75800000000001,8.0,14.0,8.0,14.0,0.0,0.0,96.031,826.0,12.0,6.0,17.0,0.0,0.0,95.324,807.0,11.0,5.0,8.0,0.0,0.0,95.273,817.0,10.0,5.0,11.0,0.0,0.0,114.884,815.0,13.0,7.0,10.0,0.0,0.0,96.033,847.0,20.0,10.0,18.0,0.0,0.0,95.741,825.0,15.0,9.0,15.0,0.0,0.0,96.169
31,22.0,9.0,19.0,10.0,19.0,0.0,0.0,103.62899999999999,20.0,5.0,2.0,3.0,1.0,0.0,97.594,844.0,3.0,2.0,8.0,0.0,0.0,94.949,822.0,2.0,1.0,1.0,0.0,0.0,93.45,1.0,1.0,1.0,2.0,0.0,0.0,93.025,830.0,4.0,3.0,21.0,0.0,23.0,0.0,848.0,8.0,3.0,4.0,0.0,0.0,94.512,832.0,7.0,4.0,5.0,0.0,0.0,94.614,846.0,9.0,4.0,15.0,0.0,0.0,94.116,842.0,6.0,6.0,6.0,0.0,0.0,96.125,154.0,17.0,9.0,12.0,0.0,0.0,97.916,841.0,18.0,8.0,13.0,0.0,0.0,96.011,840.0,16.0,7.0,7.0,0.0,0.0,95.69800000000001,8.0,14.0,8.0,14.0,0.0,0.0,95.684,826.0,12.0,6.0,16.0,0.0,0.0,95.13300000000001,807.0,11.0,5.0,9.0,0.0,0.0,96.431,817.0,10.0,5.0,11.0,0.0,0.0,94.297,815.0,13.0,7.0,10.0,0.0,0.0,95.868,847.0,20.0,10.0,18.0,0.0,0.0,96.961,825.0,15.0,9.0,17.0,0.0,0.0,97.943
32,22.0,9.0,19.0,10.0,19.0,0.0,0.0,98.398,20.0,5.0,2.0,3.0,0.0,0.0,112.791,844.0,3.0,2.0,8.0,0.0,0.0,94.194,822.0,2.0,1.0,1.0,0.0,0.0,93.90899999999999,1.0,1.0,1.0,2.0,0.0,0.0,92.513,830.0,4.0,3.0,21.0,0.0,23.0,0.0,848.0,8.0,3.0,4.0,0.0,0.0,94.325,832.0,7.0,4.0,5.0,0.0,0.0,94.22,846.0,9.0,4.0,15.0,0.0,0.0,95.189,842.0,6.0,6.0,6.0,0.0,0.0,95.47,154.0,17.0,9.0,12.0,0.0,0.0,95.836,841.0,18.0,8.0,13.0,0.0,0.0,95.89099999999999,840.0,16.0,7.0,7.0,0.0,0.0,95.59700000000001,8.0,14.0,8.0,14.0,0.0,0.0,96.193,826.0,12.0,6.0,16.0,0.0,0.0,94.777,807.0,11.0,5.0,9.0,0.0,0.0,95.339,817.0,10.0,5.0,11.0,0.0,0.0,94.112,815.0,13.0,7.0,10.0,0.0,0.0,95.259,847.0,20.0,10.0,18.0,0.0,0.0,95.94,825.0,15.0,9.0,17.0,0.0,0.0,98.538
33,22.0,9.0,19.0,10.0,19.0,1.0,0.0,103.586,20.0,5.0,2.0,3.0,0.0,0.0,92.19200000000001,844.0,3.0,2.0,7.0,0.0,0.0,94.02199999999999,822.0,2.0,1.0,1.0,0.0,0.0,93.166,1.0,1.0,1.0,2.0,0.0,0.0,93.065,830.0,4.0,3.0,21.0,0.0,23.0,0.0,848.0,8.0,3.0,4.0,0.0,0.0,94.352,832.0,7.0,4.0,5.0,0.0,0.0,94.62299999999999,846.0,9.0,4.0,15.0,0.0,0.0,96.27600000000001,842.0,6.0,6.0,6.0,0.0,0.0,95.637,154.0,17.0,9.0,12.0,0.0,0.0,95.935,841.0,18.0,8.0,13.0,0.0,0.0,95.979,840.0,16.0,7.0,8.0,0.0,0.0,96.182,8.0,14.0,8.0,14.0,0.0,0.0,96.634,826.0,12.0,6.0,16.0,0.0,0.0,96.75399999999999,807.0,11.0,5.0,9.0,0.0,0.0,95.37700000000001,817.0,10.0,5.0,11.0,0.0,0.0,94.124,815.0,13.0,7.0,10.0,0.0,0.0,95.69800000000001,847.0,20.0,10.0,18.0,0.0,0.0,95.977,825.0,15.0,9.0,17.0,0.0,0.0,96.577
34,22.0,9.0,19.0,10.0,19.0,0.0,0.0,117.831,20.0,5.0,2.0,3.0,0.0,0.0,92.405,844.0,3.0,2.0,6.0,0.0,0.0,95.362,822.0,2.0,1.0,1.0,0.0,0.0,93.185,1.0,1.0,1.0,2.0,0.0,0.0,94.503,830.0,4.0,3.0,21.0,0.0,23.0,0.0,848.0,8.0,3.0,4.0,1.0,0.0,96.582,832.0,7.0,4.0,5.0,0.0,0.0,94.62299999999999,846.0,9.0,4.0,14.0,0.0,0.0,95.882,842.0,6.0,6.0,7.0,0.0,0.0,96.88900000000001,154.0,17.0,9.0,12.0,0.0,0.0,95.918,841.0,18.0,8.0,13.0,0.0,0.0,96.363,840.0,16.0,7.0,8.0,0.0,0.0,95.807,8.0,14.0,8.0,16.0,0.0,0.0,98.548,826.0,12.0,6.0,15.0,0.0,0.0,95.666,807.0,11.0,5.0,9.0,0.0,0.0,95.324,817.0,10.0,5.0,11.0,0.0,0.0,94.303,815.0,13.0,7.0,10.0,0.0,0.0,95.297,847.0,20.0,10.0,18.0,0.0,0.0,95.78,825.0,15.0,9.0,17.0,0.0,0.0,96.576
35,22.0,9.0,19.0,10.0,19.0,0.0,0.0,98.179,20.0,5.0,2.0,3.0,0.0,0.0,92.60900000000001,844.0,3.0,2.0,6.0,0.0,0.0,93.16,822.0,2.0,1.0,1.0,0.0,0.0,94.021,1.0,1.0,1.0,2.0,0.0,0.0,93.22399999999999,830.0,4.0,3.0,21.0,0.0,23.0,0.0,848.0,8.0,3.0,4.0,0.0,0.0,113.575,832.0,7.0,4.0,5.0,0.0,0.0,94.413,846.0,9.0,4.0,14.0,0.0,0.0,95.326,842.0,6.0,6.0,7.0,0.0,0.0,95.739,154.0,17.0,9.0,12.0,0.0,0.0,95.913,841.0,18.0,8.0,13.0,0.0,0.0,96.919,840.0,16.0,7.0,8.0,0.0,0.0,95.751,8.0,14.0,8.0,16.0,0.0,0.0,96.925,826.0,12.0,6.0,15.0,0.0,0.0,94.912,807.0,11.0,5.0,9.0,0.0,0.0,95.56,817.0,10.0,5.0,11.0,0.0,0.0,94.25399999999999,815.0,13.0,7.0,10.0,0.0,0.0,95.27799999999999,847.0,20.0,10.0,18.0,0.0,0.0,95.795,825.0,15.0,9.0,17.0,0.0,0.0,95.95
36,22.0,9.0,19.0,10.0,19.0,0.0,0.0,96.345,20.0,5.0,2.0,3.0,0.0,0.0,92.937,844.0,3.0,2.0,6.0,0.0,0.0,92.794,822.0,2.0,1.0,1.0,1.0,0.0,95.85300000000001,1.0,1.0,1.0,2.0,0.0,0.0,92.53999999999999,830.0,4.0,3.0,21.0,0.0,23.0,0.0,848.0,8.0,3.0,4.0,0.0,0.0,92.775,832.0,7.0,4.0,5.0,0.0,0.0,94.197,846.0,9.0,4.0,14.0,0.0,0.0,95.158,842.0,6.0,6.0,7.0,0.0,0.0,95.7,154.0,17.0,9.0,12.0,0.0,0.0,97.434,841.0,18.0,8.0,13.0,0.0,0.0,95.594,840.0,16.0,7.0,8.0,0.0,0.0,95.59899999999999,8.0,14.0,8.0,16.0,1.0,0.0,99.631,826.0,12.0,6.0,15.0,0.0,0.0,94.997,807.0,11.0,5.0,9.0,0.0,0.0,95.497,817.0,10.0,5.0,11.0,0.0,0.0,94.649,815.0,13.0,7.0,10.0,0.0,0.0,95.47399999999999,847.0,20.0,10.0,18.0,0.0,0.0,96.25,825.0,15.0,9.0,17.0,0.0,0.0,96.032
37,22.0,9.0,19.0,10.0,19.0,0.0,0.0,97.112,20.0,5.0,2.0,3.0,0.0,0.0,92.82,844.0,3.0,2.0,6.0,0.0,0.0,92.785,822.0,2.0,1.0,2.0,0.0,0.0,112.033,1.0,1.0,1.0,1.0,0.0,0.0,92.551,830.0,4.0,3.0,21.0,0.0,23.0,0.0,848.0,8.0,3.0,4.0,0.0,0.0,93.399,832.0,7.0,4.0,5.0,0.0,0.0,93.864,846.0,9.0,4.0,14.0,0.0,0.0,97.283,842.0,6.0,6.0,7.0,0.0,0.0,95.48599999999999,154.0,17.0,9.0,12.0,0.0,0.0,96.001,841.0,18.0,8.0,13.0,0.0,0.0,97.44,840.0,16.0,7.0,8.0,0.0,0.0,95.436,8.0,14.0,8.0,17.0,0.0,0.0,113.786,826.0,12.0,6.0,15.0,0.0,0.0,96.797,807.0,11.0,5.0,9.0,0.0,0.0,95.235,817.0,10.0,5.0,11.0,0.0,0.0,94.713,815.0,13.0,7.0,10.0,0.0,0.0,95.473,847.0,20.0,10.0,18.0,0.0,0.0,97.624,825.0,15.0,9.0,16.0,0.0,0.0,97.338
38,22.0,9.0,19.0,10.0,19.0,0.0,0.0,97.649,20.0,5.0,2.0,3.0,0.0,0.0,92.122,844.0,3.0,2.0,6.0,0.0,0.0,93.293,822.0,2.0,1.0,2.0,0.0,0.0,92.565,1.0,1.0,1.0,1.0,0.0,0.0,92.60499999999999,830.0,4.0,3.0,21.0,0.0,23.0,0.0,848.0,8.0,3.0,4.0,0.0,0.0,93.583,832.0,7.0,4.0,5.0,0.0,0.0,93.789,846.0,9.0,4.0,13.0,0.0,0.0,94.529,842.0,6.0,6.0,7.0,0.0,0.0,95.49799999999999,154.0,17.0,9.0,12.0,0.0,0.0,97.98599999999999,841.0,18.0,8.0,15.0,0.0,0.0,98.08,840.0,16.0,7.0,8.0,0.0,0.0,95.568,8.0,14.0,8.0,17.0,0.0,0.0,93.36,826.0,12.0,6.0,14.0,0.0,0.0,96.03399999999999,807.0,11.0,5.0,9.0,0.0,0.0,95.50800000000001,817.0,10.0,5.0,11.0,0.0,0.0,94.669,815.0,13.0,7.0,10.0,0.0,0.0,95.60900000000001,847.0,20.0,10.0,18.0,0.0,0.0,96.087,825.0,15.0,9.0,16.0,0.0,0.0,96.10300000000001
39,22.0,9.0,19.0,10.0,19.0,0.0,0.0,98.87100000000001,20.0,5.0,2.0,3.0,0.0,0.0,93.351,844.0,3.0,2.0,6.0,0.0,0.0,93.311,822.0,2.0,1.0,2.0,0.0,0.0,92.894,1.0,1.0,1.0,1.0,0.0,0.0,92.646,830.0,4.0,3.0,21.0,0.0,23.0,0.0,848.0,8.0,3.0,4.0,0.0,0.0,93.57,832.0,7.0,4.0,5.0,0.0,0.0,93.804,846.0,9.0,4.0,13.0,0.0,0.0,95.731,842.0,6.0,6.0,7.0,0.0,0.0,95.39500000000001,154.0,17.0,9.0,12.0,0.0,0.0,96.185,841.0,18.0,8.0,15.0,0.0,0.0,97.274,840.0,16.0,7.0,8.0,0.0,0.0,95.416,8.0,14.0,8.0,17.0,0.0,0.0,93.543,826.0,12.0,6.0,14.0,0.0,0.0,96.231,807.0,11.0,5.0,9.0,0.0,0.0,95.564,817.0,10.0,5.0,11.0,0.0,0.0,94.658,815.0,13.0,7.0,10.0,0.0,0.0,95.72800000000001,847.0,20.0,10.0,18.0,0.0,0.0,96.549,825.0,15.0,9.0,16.0,0.0,0.0,96.226
40,22.0,9.0,19.0,10.0,19.0,0.0,0.0,97.62,20.0,5.0,2.0,3.0,0.0,0.0,93.495,844.0,3.0,2.0,6.0,0.0,0.0,93.57900000000001,822.0,2.0,1.0,2.0,0.0,0.0,92.656,1.0,1.0,1.0,1.0,0.0,0.0,92.84100000000001,830.0,4.0,3.0,21.0,0.0,23.0,0.0,848.0,8.0,3.0,4.0,0.0,0.0,93.644,832.0,7.0,4.0,5.0,0.0,0.0,93.608,846.0,9.0,4.0,12.0,0.0,0.0,95.356,842.0,6.0,6.0,7.0,0.0,0.0,95.33,154.0,17.0,9.0,14.0,0.0,0.0,100.35900000000001,841.0,18.0,8.0,15.0,0.0,0.0,96.398,840.0,16.0,7.0,8.0,0.0,0.0,95.312,8.0,14.0,8.0,17.0,0.0,0.0,94.553,826.0,12.0,6.0,13.0,0.0,0.0,95.727,807.0,11.0,5.0,9.0,0.0,0.0,95.318,817.0,10.0,5.0,11.0,0.0,0.0,94.88499999999999,815.0,13.0,7.0,10.0,0.0,0.0,95.295,847.0,20.0,10.0,18.0,0.0,0.0,96.59100000000001,825.0,15.0,9.0,16.0,0.0,0.0,95.92699999999999
41,22.0,9.0,19.0,10.0,19.0,0.0,0.0,97.438,20.0,5.0,2.0,3.0,0.0,0.0,93.35,844.0,3.0,2.0,6.0,0.0,0.0,93.57300000000001,822.0,2.0,1.0,2.0,0.0,0.0,92.48400000000001,1.0,1.0,1.0,1.0,0.0,0.0,93.09700000000001,830.0,4.0,3.0,21.0,0.0,23.0,0.0,848.0,8.0,3.0,4.0,0.0,0.0,93.717,832.0,7.0,4.0,5.0,0.0,0.0,93.708,846.0,9.0,4.0,12.0,0.0,0.0,94.74600000000001,842.0,6.0,6.0,7.0,0.0,0.0,95.5,154.0,17.0,9.0,14.0,0.0,0.0,96.75,841.0,18.0,8.0,15.0,0.0,0.0,96.821,840.0,16.0,7.0,8.0,0.0,0.0,95.449,8.0,14.0,8.0,17.0,0.0,0.0,93.908,826.0,12.0,6.0,13.0,0.0,0.0,94.88300000000001,807.0,11.0,5.0,9.0,0.0,0.0,95.318,817.0,10.0,5.0,10.0,0.0,0.0,94.366,815.0,13.0,7.0,11.0,1.0,0.0,98.643,847.0,20.0,10.0,18.0,0.0,0.0,96.03399999999999,825.0,15.0,9.0,16.0,0.0,0.0,96.209
42,22.0,9.0,19.0,10.0,19.0,0.0,0.0,96.495,20.0,5.0,2.0,3.0,0.0,0.0,92.36099999999999,844.0,3.0,2.0,6.0,0.0,0.0,93.471,822.0,2.0,1.0,2.0,0.0,0.0,92.494,1.0,1.0,1.0,1.0,1.0,0.0,95.86699999999999,830.0,4.0,3.0,21.0,0.0,23.0,0.0,848.0,8.0,3.0,4.0,0.0,0.0,93.64,832.0,7.0,4.0,5.0,0.0,0.0,93.592,846.0,9.0,4.0,12.0,0.0,0.0,96.368,842.0,6.0,6.0,7.0,0.0,0.0,95.322,154.0,17.0,9.0,14.0,0.0,0.0,96.13,841.0,18.0,8.0,15.0,0.0,0.0,96.01400000000001,840.0,16.0,7.0,8.0,0.0,0.0,95.396,8.0,14.0,8.0,17.0,0.0,0.0,94.245,826.0,12.0,6.0,13.0,0.0,0.0,94.97,807.0,11.0,5.0,9.0,0.0,0.0,95.35,817.0,10.0,5.0,10.0,0.0,0.0,95.06700000000001,815.0,13.0,7.0,11.0,0.0,0.0,112.78399999999999,847.0,20.0,10.0,18.0,0.0,0.0,96.166,825.0,15.0,9.0,16.0,0.0,0.0,96.15
43,22.0,9.0,19.0,10.0,19.0,0.0,0.0,96.537,20.0,5.0,2.0,2.0,0.0,0.0,92.733,844.0,3.0,2.0,6.0,0.0,0.0,93.858,822.0,2.0,1.0,1.0,0.0,0.0,92.333,1.0,1.0,1.0,3.0,0.0,0.0,112.303,830.0,4.0,3.0,21.0,0.0,23.0,0.0,848.0,8.0,3.0,4.0,0.0,0.0,93.735,832.0,7.0,4.0,5.0,0.0,0.0,93.67699999999999,846.0,9.0,4.0,12.0,0.0,0.0,94.428,842.0,6.0,6.0,7.0,0.0,0.0,95.321,154.0,17.0,9.0,14.0,0.0,0.0,95.918,841.0,18.0,8.0,15.0,0.0,0.0,96.104,840.0,16.0,7.0,8.0,0.0,0.0,95.345,8.0,14.0,8.0,17.0,0.0,0.0,94.884,826.0,12.0,6.0,13.0,0.0,0.0,94.172,807.0,11.0,5.0,9.0,0.0,0.0,95.316,817.0,10.0,5.0,10.0,0.0,0.0,95.199,815.0,13.0,7.0,11.0,0.0,0.0,93.336,847.0,20.0,10.0,18.0,0.0,0.0,98.643,825.0,15.0,9.0,16.0,0.0,0.0,95.959
44,22.0,9.0,19.0,10.0,19.0,0.0,0.0,96.332,20.0,5.0,2.0,2.0,0.0,0.0,92.701,844.0,3.0,2.0,6.0,0.0,0.0,93.799,822.0,2.0,1.0,1.0,0.0,0.0,92.20400000000001,1.0,1.0,1.0,3.0,0.0,0.0,91.538,830.0,4.0,3.0,21.0,0.0,23.0,0.0,848.0,8.0,3.0,4.0,0.0,0.0,93.497,832.0,7.0,4.0,5.0,0.0,0.0,93.741,846.0,9.0,4.0,12.0,0.0,0.0,94.515,842.0,6.0,6.0,7.0,0.0,0.0,95.48400000000001,154.0,17.0,9.0,14.0,0.0,0.0,96.80199999999999,841.0,18.0,8.0,15.0,0.0,0.0,95.842,840.0,16.0,7.0,9.0,0.0,0.0,96.306,8.0,14.0,8.0,17.0,0.0,0.0,94.036,826.0,12.0,6.0,13.0,0.0,0.0,94.37,807.0,11.0,5.0,10.0,0.0,0.0,96.483,817.0,10.0,5.0,8.0,0.0,0.0,95.337,815.0,13.0,7.0,11.0,0.0,0.0,93.56,847.0,20.0,10.0,18.0,0.0,0.0,98.12,825.0,15.0,9.0,16.0,0.0,0.0,96.235
45,22.0,9.0,19.0,10.0,19.0,0.0,0.0,97.866,20.0,5.0,2.0,2.0,0.0,0.0,92.50399999999999,844.0,3.0,2.0,6.0,0.0,0.0,95.286,822.0,2.0,1.0,1.0,0.0,0.0,92.40899999999999,1.0,1.0,1.0,3.0,0.0,0.0,90.983,830.0,4.0,3.0,21.0,0.0,23.0,0.0,848.0,8.0,3.0,4.0,0.0,0.0,93.37,832.0,7.0,4.0,5.0,0.0,0.0,94.037,846.0,9.0,4.0,12.0,0.0,0.0,94.47999999999999,842.0,6.0,6.0,7.0,0.0,0.0,95.38499999999999,154.0,17.0,9.0,14.0,0.0,0.0,96.187,841.0,18.0,8.0,15.0,0.0,0.0,96.801,840.0,16.0,7.0,9.0,0.0,0.0,96.15299999999999,8.0,14.0,8.0,16.0,0.0,0.0,94.771,826.0,12.0,6.0,13.0,0.0,0.0,94.418,807.0,11.0,5.0,10.0,0.0,0.0,96.985,817.0,10.0,5.0,8.0,0.0,0.0,93.965,815.0,13.0,7.0,11.0,0.0,0.0,92.747,847.0,20.0,10.0,18.0,0.0,0.0,97.32900000000001,825.0,15.0,9.0,17.0,0.0,0.0,97.95
46,22.0,9.0,19.0,10.0,19.0,0.0,0.0,97.72999999999999,20.0,5.0,2.0,2.0,0.0,0.0,92.646,844.0,3.0,2.0,6.0,1.0,0.0,96.816,822.0,2.0,1.0,1.0,0.0,0.0,93.553,1.0,1.0,1.0,3.0,0.0,0.0,91.635,830.0,4.0,3.0,21.0,0.0,23.0,0.0,848.0,8.0,3.0,4.0,0.0,0.0,93.628,832.0,7.0,4.0,5.0,0.0,0.0,93.563,846.0,9.0,4.0,12.0,0.0,0.0,94.957,842.0,6.0,6.0,7.0,0.0,0.0,96.277,154.0,17.0,9.0,14.0,0.0,0.0,95.946,841.0,18.0,8.0,15.0,0.0,0.0,96.193,840.0,16.0,7.0,9.0,0.0,0.0,96.587,8.0,14.0,8.0,16.0,0.0,0.0,93.876,826.0,12.0,6.0,13.0,0.0,0.0,94.369,807.0,11.0,5.0,10.0,0.0,0.0,95.39099999999999,817.0,10.0,5.0,8.0,0.0,0.0,96.782,815.0,13.0,7.0,11.0,0.0,0.0,92.62100000000001,847.0,20.0,10.0,18.0,0.0,0.0,97.007,825.0,15.0,9.0,17.0,0.0,0.0,96.827
47,22.0,9.0,19.0,10.0,19.0,0.0,0.0,97.50999999999999,20.0,5.0,2.0,2.0,0.0,0.0,92.77199999999999,844.0,3.0,2.0,6.0,0.0,0.0,115.048,822.0,2.0,1.0,1.0,0.0,0.0,93.21600000000001,1.0,1.0,1.0,3.0,0.0,0.0,92.32900000000001,830.0,4.0,3.0,21.0,0.0,23.0,0.0,848.0,8.0,3.0,4.0,0.0,0.0,93.21000000000001,832.0,7.0,4.0,5.0,0.0,0.0,93.691,846.0,9.0,4.0,13.0,0.0,0.0,96.011,842.0,6.0,6.0,7.0,0.0,0.0,96.946,154.0,17.0,9.0,14.0,0.0,0.0,96.30799999999999,841.0,18.0,8.0,15.0,0.0,0.0,96.533,840.0,16.0,7.0,10.0,0.0,0.0,96.928,8.0,14.0,8.0,16.0,0.0,0.0,94.226,826.0,12.0,6.0,12.0,0.0,0.0,93.239,807.0,11.0,5.0,9.0,0.0,0.0,94.92099999999999,817.0,10.0,5.0,8.0,0.0,0.0,96.15100000000001,815.0,13.0,7.0,11.0,0.0,0.0,92.846,847.0,20.0,10.0,18.0,0.0,0.0,96.878,825.0,15.0,9.0,17.0,1.0,0.0,98.97399999999999
48,22.0,9.0,19.0,10.0,19.0,0.0,0.0,97.062,20.0,5.0,2.0,2.0,0.0,0.0,92.83,844.0,3.0,2.0,6.0,0.0,0.0,91.611,822.0,2.0,1.0,1.0,0.0,0.0,92.267,1.0,1.0,1.0,3.0,0.0,0.0,93.065,830.0,4.0,3.0,21.0,0.0,23.0,0.0,848.0,8.0,3.0,4.0,0.0,0.0,93.39699999999999,832.0,7.0,4.0,5.0,0.0,0.0,94.362,846.0,9.0,4.0,13.0,0.0,0.0,94.997,842.0,6.0,6.0,8.0,0.0,0.0,96.578,154.0,17.0,9.0,14.0,0.0,0.0,96.219,841.0,18.0,8.0,16.0,0.0,0.0,98.143,840.0,16.0,7.0,10.0,0.0,0.0,97.765,8.0,14.0,8.0,15.0,0.0,0.0,94.80799999999999,826.0,12.0,6.0,12.0,0.0,0.0,93.69200000000001,807.0,11.0,5.0,9.0,0.0,0.0,95.99000000000001,817.0,10.0,5.0,7.0,0.0,0.0,93.481,815.0,13.0,7.0,11.0,0.0,0.0,93.455,847.0,20.0,10.0,18.0,0.0,0.0,98.237,825.0,15.0,9.0,17.0,0.0,0.0,117.551
49,22.0,9.0,19.0,10.0,19.0,0.0,0.0,98.753,20.0,5.0,2.0,2.0,0.0,0.0,93.637,844.0,3.0,2.0,6.0,0.0,0.0,93.305,822.0,2.0,1.0,1.0,0.0,0.0,91.862,1.0,1.0,1.0,3.0,0.0,0.0,93.50999999999999,830.0,4.0,3.0,21.0,0.0,23.0,0.0,848.0,8.0,3.0,4.0,0.0,0.0,93.505,832.0,7.0,4.0,5.0,0.0,0.0,94.029,846.0,9.0,4.0,13.0,0.0,0.0,94.89500000000001,842.0,6.0,6.0,8.0,0.0,0.0,96.791,154.0,17.0,9.0,14.0,0.0,0.0,96.751,841.0,18.0,8.0,16.0,1.0,0.0,99.419,840.0,16.0,7.0,11.0,0.0,0.0,97.212,8.0,14.0,8.0,15.0,0.0,0.0,96.25399999999999,826.0,12.0,6.0,12.0,0.0,0.0,93.655,807.0,11.0,5.0,9.0,0.0,0.0,97.445,817.0,10.0,5.0,7.0,0.0,0.0,94.563,815.0,13.0,7.0,10.0,0.0,0.0,93.95,847.0,20.0,10.0,18.0,0.0,0.0,97.88300000000001,825.0,15.0,9.0,17.0,0.0,0.0,91.732
50,22.0,9.0,19.0,10.0,19.0,0.0,12.0,0.0,20.0,5.0,2.0,2.0,0.0,0.0,94.66,844.0,3.0,2.0,6.0,0.0,0.0,94.19,822.0,2.0,1.0,1.0,0.0,0.0,92.505,1.0,1.0,1.0,3.0,0.0,0.0,94.357,830.0,4.0,3.0,21.0,0.0,23.0,0.0,848.0,8.0,3.0,4.0,0.0,0.0,93.60900000000001,832.0,7.0,4.0,5.0,0.0,0.0,94.09700000000001,846.0,9.0,4.0,13.0,0.0,0.0,95.03999999999999,842.0,6.0,6.0,8.0,0.0,0.0,98.157,154.0,17.0,9.0,15.0,0.0,0.0,97.287,841.0,18.0,8.0,16.0,0.0,0.0,114.24000000000001,840.0,16.0,7.0,11.0,0.0,0.0,96.892,8.0,14.0,8.0,14.0,0.0,0.0,93.19,826.0,12.0,6.0,12.0,0.0,0.0,93.712,807.0,11.0,5.0,9.0,0.0,0.0,97.154,817.0,10.0,5.0,7.0,0.0,0.0,94.178,815.0,13.0,7.0,10.0,0.0,0.0,95.36099999999999,847.0,20.0,10.0,18.0,0.0,12.0,0.0,825.0,15.0,9.0,17.0,0.0,0.0,93.807
51,22.0,9.0,19.0,10.0,21.0,0.0,12.0,0.0,20.0,5.0,2.0,2.0,0.0,0.0,92.52600000000001,844.0,3.0,2.0,6.0,0.0,11.0,0.0,822.0,2.0,1.0,1.0,0.0,0.0,92.73599999999999,1.0,1.0,1.0,3.0,0.0,0.0,92.943,830.0,4.0,3.0,21.0,0.0,23.0,0.0,848.0,8.0,3.0,4.0,0.0,0.0,93.312,832.0,7.0,4.0,5.0,0.0,0.0,93.955,846.0,9.0,4.0,13.0,0.0,11.0,0.0,842.0,6.0,6.0,8.0,0.0,11.0,0.0,154.0,17.0,9.0,15.0,0.0,11.0,0.0,841.0,18.0,8.0,16.0,0.0,11.0,0.0,840.0,16.0,7.0,11.0,0.0,11.0,0.0,8.0,14.0,8.0,14.0,0.0,11.0,0.0,826.0,12.0,6.0,12.0,0.0,11.0,0.0,807.0,11.0,5.0,10.0,0.0,2.0,0.0,817.0,10.0,5.0,7.0,0.0,2.0,0.0,815.0,13.0,7.0,9.0,0.0,11.0,0.0,847.0,20.0,10.0,21.0,0.0,12.0,0.0,825.0,15.0,9.0,17.0,0.0,11.0,0.0
52,22.0,9.0,19.0,10.0,21.0,0.0,12.0,0.0,20.0,5.0,2.0,2.0,0.0,1.0,0.0,844.0,3.0,2.0,21.0,0.0,11.0,0.0,822.0,2.0,1.0,1.0,0.0,1.0,0.0,1.0,1.0,1.0,3.0,0.0,1.0,0.0,830.0,4.0,3.0,21.0,0.0,23.0,0.0,848.0,8.0,3.0,4.0,0.0,1.0,0.0,832.0,7.0,4.0,5.0,0.0,1.0,0.0,846.0,9.0,4.0,21.0,0.0,11.0,0.0,842.0,6.0,6.0,21.0,0.0,11.0,0.0,154.0,17.0,9.0,21.0,0.0,11.0,0.0,841.0,18.0,8.0,21.0,0.0,11.0,0.0,840.0,16.0,7.0,21.0,0.0,11.0,0.0,8.0,14.0,8.0,21.0,0.0,11.0,0.0,826.0,12.0,6.0,21.0,0.0,11.0,0.0,807.0,11.0,5.0,21.0,0.0,2.0,0.0,817.0,10.0,5.0,21.0,0.0,2.0,0.0,815.0,13.0,7.0,21.0,0.0,11.0,0.0,847.0,20.0,10.0,21.0,0.0,12.0,0.0,825.0,15.0,9.0,21.0,0.0,11.0,0.0
